"Individual Characteristics","Career Pathway","Research Funding Process","Organisational Culture"
"Abilties","","",""
"Age","","",""
"Career Stage","","",""
"Caring Responsiblities","","",""
"Disability","","",""
"Job Roles","","",""
"Nationality","","",""
"Neurodiversity","","",""
"Pregnancy And Maternity","","",""
"Race","","",""
"Religion Or Belief","","",""
"Sex","","",""
"Sexual Orientation","","",""
"Socio-Economic Background","","",""
"Temporary Impairment","","",""
"Trans Identity","","",""
"","Barrier Removal","",""
"","Career Pathway","",""
"","Career Progression","",""
"","Career Retention","",""
"","Development Opportunities","",""
"","Diverse Leadership","",""
"","Equitable Opportunities","",""
"","Leadership Development","",""
"","Mentorship & Sponsorship","",""
"","Network Development","",""
"","Networking & Collaboration","",""
"","Pipeline Development","",""
"","Professional Development","",""
"","Recruitment Strategies","",""
"","Retention Strategies","",""
"","Visibility & Recognition","",""
"","","Addressing Structural Inequality",""
"","","Advertising Approach",""
"","","Application Processes",""
"","","Application Support",""
"","","Bias Mitigation",""
"","","Eligiblity Criteria",""
"","","Panel Diversity",""
"","","Peer Review",""
"","","Research Funding Process",""
"","","Resource Allocation",""
"","","Securing Funding",""
"","","Targeted Grants",""
"","","Transparency And Accessiblity Of Process",""
"","","","Accessible & Inclusive Workspaces"
"","","","Adaptive Research Enviroments"
"","","","Allyship"
"","","","Allyship & Advocacy"
"","","","Anti-discrimination Measures"
"","","","Awareness Training"
"","","","Barrier Removal"
"","","","Belonging Initiatives"
"","","","Bias"
"","","","Bullying And Microagression Prevention"
"","","","Cultural Competency"
"","","","Data Collection & Monitoring"
"","","","Disseminating Good Practice"
"","","","Diverse Representation"
"","","","Employee Resource Groups"
"","","","Harassment"
"","","","Inclusive Language"
"","","","Inclusive Leadership"
"","","","Inclusive Workplaces"
"","","","Management Structures"
"","","","Monitoring And Evaluation"
"","","","Organisational Culture"
"","","","Policy Review & Reform"
"","","","Research Design"
"","","","Systemic Change"
"","","","Work-Life Balance"
